neighborhood,tags_count
Hale,45
Lynnhurst,20
Windom,108
"Linden Hills",34
"Elliot Park",328
"Sumner - Glenwood",109
"Bryn - Mawr",23
Harrison,186
"Diamond Lake",61
Armatage,38
Tangletown,55
Fulton,19
Kenny,10
"Loring Park",215
"Prospect Park - East River Road",407
"East Harriet",102
Kenwood,32
"Waite Park",115
"Audubon Park",91
"Cedar - Isles - Dean",57
"North Loop",128
"Lind - Bohanon",178
"Shingle Creek",17
Wenonah,90
Victory,127
Bancroft,168
Como,832
Standish,194
Ericsson,37
Northrop,114
Corcoran,253
"St. Anthony West",95
"Marshall Terrace",13
Bryant,122
"Phillips West",350
"Steven's Square - Loring Heights",367
"Ventura Village",373
ECCO,287
Longfellow,153
Regina,101
Sheridan,148
"Logan Park",89
"Windom Park",117
"St. Anthony East",91
Field,38
Whittier,1072
Hiawatha,107
Cooper,54
Seward,156
"Willard - Hay",603
Central,644
"Near - North",287
McKinley,265
Bottineau,47
"Marcy Holmes",909
Beltrami,74
"Powderhorn Park",586
Keewaydin,28
Minnehaha,27
Cleveland,174
"Nicollet Island - East Bank",75
"Webber - Camden",290
"Midtown Phillips",368
"Downtown West",60
"Northeast Park",36
Howe,144
"East Isles",138
"University of Minnesota",47
"King Field",250
Holland,157
"Columbia Park",44
"Lowry Hill",150
Hawthorne,366
Folwell,412
Lyndale,539
Jordan,542
CARAG,651
"Lowry Hill East",325
"Cedar Riverside",115
"East Phillips",126
"Morris Park",22
Page,3
"Downtown East",3
"West Calhoun",5
"Mid - City Industrial",3
